Honda,ZEST,Attribute label for Honda-ZEST
Honda,Vamos,Attribute label for Honda-Vamos
Honda,Stream,Attribute label for Honda-Stream
Honda,StepWGN,Attribute label for Honda-StepWGN
Honda,Shuttle,Attribute label for Honda-Shuttle
Honda,Ridgeline,Attribute label for Honda-Ridgeline
Honda,Pilot,Attribute label for Honda-Pilot
Honda,Odyssey,Attribute label for Honda-Odyssey
Honda,Civic,Attribute label for Honda-Civic
Honda,Accord,Attribute label for Honda-Accord
Honda,NSX,Attribute label for Honda-NSX
Honda,MDX,Attribute label for Honda-MDX
Honda,Life,Attribute label for Honda-Life
Honda,Legend,Attribute label for Honda-Legend
Honda,Wow,Attribute label for Honda-Wow
Honda,Urban,Attribute label for Honda-Urban
Honda,SUT,Attribute label for Honda-SUT
Honda,StepBus,Attribute label for Honda-StepBus
Honda,SSM,Attribute label for Honda-SSM
Honda,S360,Attribute label for Honda-S360
Honda,Remix,Attribute label for Honda-Remix
Honda,Puyo,Attribute label for Honda-Puyo
Honda,OSM,Attribute label for Honda-OSM
Honda,N800,Attribute label for Honda-N800
Honda,MV99,Attribute label for Honda-MV99
Honda,ModelX,Attribute label for Honda-ModelX
Honda,Kiwami,Attribute label for Honda-Kiwami
Honda,JWJ,Attribute label for Honda-JWJ
Honda,JVX,Attribute label for Honda-JVX
Honda,JMW,Attribute label for Honda-JMW
Honda,JMJ,Attribute label for Honda-JMJ
Honda,Imas,Attribute label for Honda-Imas
Honda,HSC,Attribute label for Honda-HSC
Honda,Gear,Attribute label for Honda-Gear
Honda,FuyaJo,Attribute label for Honda-FuyaJo
Honda,FCX,Attribute label for Honda-FCX
Toyota,Aygo,Attribute label for Toyota-Aygo
Toyota,Allion,Attribute label for Toyota-Allion
Toyota,Aurion,Attribute label for Toyota-Aurion
Toyota,Auris,Attribute label for Toyota-Auris
Toyota,Avalon,Attribute label for Toyota-Avalon
Toyota,Belta,Attribute label for Toyota-Belta
Toyota,Camry,Attribute label for Toyota-Camry
Toyota,Century,Attribute label for Toyota-Century
Toyota,Corolla,Attribute label for Toyota-Corolla
Toyota,Matrix,Attribute label for Toyota-Matrix
Toyota,Premio,Attribute label for Toyota-Premio
Toyota,Vios,Attribute label for Toyota-Vios
Toyota,Fortuner,Attribute label for Toyota-Fortuner
Toyota,FJCruiser,Attribute label for Toyota-FJCruiser
Chevrolet,Suburban,Attribute label for Chevrolet-Suburban
Chevrolet,Equinox,Attribute label for Chevrolet-Equinox
Chevrolet,Avalanche,Attribute label for Chevrolet-Avalanche
Chevrolet,Captiva,Attribute label for Chevrolet-Captiva
Chevrolet,Traverse,Attribute label for Chevrolet-Traverse
Chevrolet,Spin,Attribute label for Chevrolet-Spin
Chevrolet,Trailblazer,Attribute label for Chevrolet-Trailblazer
Chevrolet,Spark,Attribute label for Chevrolet-Spark
Chevrolet,Tahoe,Attribute label for Chevrolet-Tahoe
Chevrolet,Caprice,Attribute label for Chevrolet-Caprice
Chevrolet,Impala,Attribute label for Chevrolet-Impala
Chevrolet,Malibu,Attribute label for Chevrolet-Malibu
Chevrolet,Sail,Attribute label for Chevrolet-Sail
Chevrolet,Cobalt,Attribute label for Chevrolet-Cobalt
Chevrolet,BelAir,Attribute label for Chevrolet-BelAir
Chevrolet,Celebrity,Attribute label for Chevrolet-Celebrity
Chevrolet,Cruze,Attribute label for Chevrolet-Cruze
Chevrolet,Volt,Attribute label for Chevrolet-Volt
Chevrolet,Corvair,Attribute label for Chevrolet-Corvair
Chevrolet,Vega,Attribute label for Chevrolet-Vega
Ford,Falcon,Attribute label for Ford-Falcon
Ford,Figo,Attribute label for Ford-Figo
Ford,Focus,Attribute label for Ford-Focus
Ford,Fusion,Attribute label for Ford-Fusion
Ford,Ikon,Attribute label for Ford-Ikon
Ford,Mondeo,Attribute label for Ford-Mondeo
Ford,Mustang,Attribute label for Ford-Mustang
Ford,Taurus,Attribute label for Ford-Taurus
Ford,Pinto,Attribute label for Ford-Pinto
Ford,Torino,Attribute label for Ford-Torino
Ford,Escape,Attribute label for Ford-Escape
Ford,Edge,Attribute label for Ford-Edge
Ford,Flex,Attribute label for Ford-Flex
Ford,Kuga,Attribute label for Ford-Kuga
Ford,Territory,Attribute label for Ford-Territory
Ford,Bronco,Attribute label for Ford-Bronco
Ford,Aerostar,Attribute label for Ford-Aerostar
Ford,Windstar,Attribute label for Ford-Windstar
Ford,Lightning,Attribute label for Ford-Lightning
Ford,Ranchero,Attribute label for Ford-Ranchero
GMC,Savana,Attribute label for GMC-Savana
GMC,Sierra,Attribute label for GMC-Sierra
GMC,Savana,Attribute label for GMC-Savana
GMC,Yukon,Attribute label for GMC-Yukon
GMC,Acadia,Attribute label for GMC-Acadia
GMC,Terrain,Attribute label for GMC-Terrain
Jeep,Cherokee,Attribute label for Jeep-Cherokee
Jeep,Compass,Attribute label for Jeep-Compass
Jeep,Renegade,Attribute label for Jeep-Renegade
Jeep,Patriot,Attribute label for Jeep-Patriot